{
  "metadata": {
    "created_utc": "2026-02-15T07:07:25.458824+00:00",
    "dataset_path": "C:\\Users\\Pavan\\Desktop\\silico\\in_silico_admet\\data\\admet_multitask.csv",
    "n_molecules": 29,
    "feature_dim": 2055,
    "endpoints": [
      "DILI",
      "BBB",
      "Ames",
      "hERG"
    ],
    "ad_thresholds": {
      "In-Domain": 0.7,
      "Near-Boundary": 0.5,
      "Out-of-Domain": 0.0
    },
    "n_splits": 3,
    "calibration_folds": 3,
    "random_state": 42,
    "n_training_fingerprints": 29
  },
  "cv_summary": {
    "DILI": {
      "n_folds": 3.0,
      "roc_auc_mean": 0.725,
      "roc_auc_std": 0.1541103500742244,
      "pr_auc_mean": 0.8079220779220778,
      "pr_auc_std": 0.1999066613500894,
      "brier_mean": 0.2399684584350045,
      "brier_std": 0.10178569405024092,
      "balanced_accuracy_mean": 0.611111111111111,
      "balanced_accuracy_std": 0.10393492741038726,
      "mcc_mean": 0.27442368698774267,
      "mcc_std": 0.2891611988884614
    },
    "BBB": {
      "n_folds": 3.0,
      "roc_auc_mean": 0.5679292929292928,
      "roc_auc_std": 0.2013502147723679,
      "pr_auc_mean": 0.6887603305785124,
      "pr_auc_std": 0.28611511385878396,
      "brier_mean": 0.31206137157044506,
      "brier_std": 0.08529371035084714,
      "balanced_accuracy_mean": 0.5916666666666667,
      "balanced_accuracy_std": 0.12963624321753373,
      "mcc_mean": 0.18333333333333335,
      "mcc_std": 0.25927248643506745
    },
    "Ames": {
      "n_folds": 3.0,
      "roc_auc_mean": 0.7555555555555555,
      "roc_auc_std": 0.17497795275581804,
      "pr_auc_mean": 0.8292712842712843,
      "pr_auc_std": 0.14179602447980363,
      "brier_mean": 0.2575579582477554,
      "brier_std": 0.029639925907639402,
      "balanced_accuracy_mean": 0.6476190476190476,
      "balanced_accuracy_std": 0.10454523047666738,
      "mcc_mean": 0.28535197224766157,
      "mcc_std": 0.20587320307386678
    },
    "hERG": {
      "n_folds": 3.0,
      "roc_auc_mean": 0.725,
      "roc_auc_std": 0.1541103500742244,
      "pr_auc_mean": 0.8079220779220778,
      "pr_auc_std": 0.1999066613500894,
      "brier_mean": 0.2399684584350045,
      "brier_std": 0.10178569405024092,
      "balanced_accuracy_mean": 0.611111111111111,
      "balanced_accuracy_std": 0.10393492741038726,
      "mcc_mean": 0.27442368698774267,
      "mcc_std": 0.2891611988884614
    }
  },
  "cv_folds": [
    {
      "endpoint": "DILI",
      "fold": 1,
      "n_train": 17,
      "n_test": 12,
      "positives_train": 10,
      "positives_test": 10,
      "roc_auc": 0.9,
      "pr_auc": 0.9809090909090908,
      "brier": 0.12392803500778143,
      "balanced_accuracy": 0.75,
      "mcc": 0.674199862463242
    },
    {
      "endpoint": "BBB",
      "fold": 1,
      "n_train": 17,
      "n_test": 12,
      "positives_train": 7,
      "positives_test": 11,
      "roc_auc": 0.5454545454545454,
      "pr_auc": 0.9546143250688706,
      "brier": 0.3212415736009024,
      "balanced_accuracy": 0.5,
      "mcc": 0.0
    },
    {
      "endpoint": "Ames",
      "fold": 1,
      "n_train": 17,
      "n_test": 12,
      "positives_train": 7,
      "positives_test": 7,
      "roc_auc": 0.6,
      "pr_auc": 0.6528138528138527,
      "brier": 0.23658158582980585,
      "balanced_accuracy": 0.7285714285714285,
      "mcc": 0.47809144373375745
    },
    {
      "endpoint": "hERG",
      "fold": 1,
      "n_train": 17,
      "n_test": 12,
      "positives_train": 10,
      "positives_test": 10,
      "roc_auc": 0.9,
      "pr_auc": 0.9809090909090908,
      "brier": 0.12392803500778143,
      "balanced_accuracy": 0.75,
      "mcc": 0.674199862463242
    },
    {
      "endpoint": "DILI",
      "fold": 2,
      "n_train": 20,
      "n_test": 9,
      "positives_train": 16,
      "positives_test": 4,
      "roc_auc": 0.525,
      "pr_auc": 0.5277777777777778,
      "brier": 0.3717548979771892,
      "balanced_accuracy": 0.5,
      "mcc": 0.0
    },
    {
      "endpoint": "BBB",
      "fold": 2,
      "n_train": 20,
      "n_test": 9,
      "positives_train": 13,
      "positives_test": 5,
      "roc_auc": 0.825,
      "pr_auc": 0.8200000000000001,
      "brier": 0.20331120884185472,
      "balanced_accuracy": 0.775,
      "mcc": 0.55
    },
    {
      "endpoint": "Ames",
      "fold": 2,
      "n_train": 20,
      "n_test": 9,
      "positives_train": 12,
      "positives_test": 2,
      "roc_auc": 1.0,
      "pr_auc": 1.0,
      "brier": 0.23661715048853033,
      "balanced_accuracy": 0.7142857142857143,
      "mcc": 0.3779644730092272
    },
    {
      "endpoint": "hERG",
      "fold": 2,
      "n_train": 20,
      "n_test": 9,
      "positives_train": 16,
      "positives_test": 4,
      "roc_auc": 0.525,
      "pr_auc": 0.5277777777777778,
      "brier": 0.3717548979771892,
      "balanced_accuracy": 0.5,
      "mcc": 0.0
    },
    {
      "endpoint": "DILI",
      "fold": 3,
      "n_train": 21,
      "n_test": 8,
      "positives_train": 14,
      "positives_test": 6,
      "roc_auc": 0.75,
      "pr_auc": 0.915079365079365,
      "brier": 0.22422244232004288,
      "balanced_accuracy": 0.5833333333333333,
      "mcc": 0.14907119849998599
    },
    {
      "endpoint": "BBB",
      "fold": 3,
      "n_train": 21,
      "n_test": 8,
      "positives_train": 16,
      "positives_test": 2,
      "roc_auc": 0.33333333333333337,
      "pr_auc": 0.29166666666666663,
      "brier": 0.41163133226857795,
      "balanced_accuracy": 0.5,
      "mcc": 0.0
    },
    {
      "endpoint": "Ames",
      "fold": 3,
      "n_train": 21,
      "n_test": 8,
      "positives_train": 9,
      "positives_test": 5,
      "roc_auc": 0.6666666666666667,
      "pr_auc": 0.8350000000000001,
      "brier": 0.29947513842493007,
      "balanced_accuracy": 0.5,
      "mcc": 0.0
    },
    {
      "endpoint": "hERG",
      "fold": 3,
      "n_train": 21,
      "n_test": 8,
      "positives_train": 14,
      "positives_test": 6,
      "roc_auc": 0.75,
      "pr_auc": 0.915079365079365,
      "brier": 0.22422244232004288,
      "balanced_accuracy": 0.5833333333333333,
      "mcc": 0.14907119849998599
    }
  ]
}